187497,-27.66,-33.94,13.75,45.89,-0.8,0.3,129.3
187547,-28.40,-33.19,13.75,45.80,-1.0,0.3,130.7
187597,-24.82,-32.29,12.56,42.62,-0.9,0.0,127.7
187647,-29.60,-33.49,13.90,46.81,-1.2,0.1,131.7
187697,-26.76,-33.04,12.56,44.33,-1.0,0.2,129.1
187747,-27.66,-32.44,14.20,44.93,-1.0,0.1,130.7
187797,-26.91,-33.19,14.50,45.12,-1.0,0.4,129.2
187847,-26.76,-34.53,13.90,45.85,-0.9,0.3,127.9
187897,-26.76,-31.84,15.10,44.25,-1.0,0.1,130.3
187947,-26.31,-32.74,13.60,44.15,-0.7,0.2,128.9
187997,-27.96,-34.83,13.75,46.73,-0.8,0.2,128.9
188047,-27.96,-33.64,14.20,45.99,-1.2,0.4,129.9
188098,-27.36,-33.49,13.60,45.33,-1.1,0.1,129.5
188148,-25.71,-32.44,14.50,43.86,-0.8,0.2,128.5
188198,-25.71,-33.94,14.50,44.98,-1.1,0.2,127.3
188248,-27.66,-33.19,13.45,45.25,-0.9,0.5,129.9
188298,-28.40,-33.94,14.80,46.66,-0.9,0.3,130.1
188348,-27.21,-34.83,14.80,46.61,-0.7,0.2,128.1
188398,-26.76,-34.24,13.90,45.62,-0.9,0.3,128.1
188448,-26.91,-33.64,13.45,45.13,-0.9,0.3,128.8
188498,-27.06,-33.04,14.65,45.15,-0.9,0.2,129.5
188548,-26.46,-34.83,13.45,45.77,-1.2,0.3,127.4
188598,-26.91,-33.94,14.80,45.77,-1.0,0.0,128.6
188648,-28.11,-34.98,14.35,47.11,-1.1,0.4,128.9
188698,-27.96,-33.94,13.75,46.07,-0.8,-0.0,129.6
188748,-27.21,-32.44,13.75,44.52,-0.7,0.1,130.1
188798,-27.66,-33.94,13.75,45.89,-0.8,0.3,129.3
188848,-26.91,-33.94,14.20,45.58,-0.7,0.1,128.5
188898,-27.81,-32.74,15.10,45.53,-1.3,0.6,130.5
188948,-26.91,-32.44,14.50,44.57,-1.0,0.3,129.8
188998,-26.01,-33.49,14.65,44.86,-0.9,0.1,128.0
189048,-26.76,-33.79,15.10,45.67,-1.1,0.7,128.4
189098,-26.76,-33.49,13.60,44.97,-0.8,0.2,128.7
189148,-27.21,-32.14,14.20,44.44,-1.2,0.1,130.5
189198,-27.81,-34.24,14.65,46.48,-1.1,0.1,129.3
189248,-27.21,-32.44,13.45,44.43,-1.0,0.1,130.2
189298,-27.81,-34.98,13.60,46.71,-1.0,0.3,128.6
189348,-27.36,-33.04,14.65,45.33,-1.0,0.4,129.8
189398,-28.85,-33.49,14.35,46.48,-1.0,0.2,130.9
189448,-27.06,-33.04,13.60,44.82,-0.8,0.3,129.4
189498,-27.66,-33.19,12.71,45.03,-0.7,0.2,129.9
189548,-26.91,-33.94,13.75,45.44,-0.8,0.4,128.5
189598,-27.36,-33.04,14.35,45.23,-1.0,0.2,129.8
189648,-27.36,-33.49,14.65,45.66,-0.8,0.3,129.3
189698,-26.01,-33.79,13.31,44.67,-0.8,0.4,127.6
189748,-27.06,-34.98,15.10,46.73,-0.9,0.5,127.8
189798,-27.36,-33.49,15.40,45.90,-1.0,0.5,129.3
189848,-26.46,-36.63,14.50,47.46,-0.7,0.2,125.9
189898,-27.21,-35.13,15.25,46.98,-0.9,0.3,127.9
189948,-26.76,-33.79,13.90,45.29,-1.0,0.5,128.5
189998,-26.46,-33.64,14.80,45.29,-0.9,0.0,128.4
190048,-27.21,-34.83,14.50,46.52,-0.8,0.2,128.1
190099,-27.66,-33.94,13.01,45.67,-1.0,0.2,129.3
190149,-27.36,-34.24,12.11,45.47,-0.8,0.2,128.7
190199,-27.81,-31.84,13.90,44.50,-1.1,0.4,131.3
190249,-27.81,-33.49,16.15,46.43,-0.7,0.4,129.8
190299,-28.11,-33.79,12.86,45.79,-0.9,0.3,129.9
190349,-26.31,-32.29,12.56,43.51,-0.7,0.0,129.3
190399,-26.76,-32.29,13.90,44.18,-0.9,0.3,129.8
190449,-26.91,-33.19,14.50,45.12,-0.6,0.7,129.0
190499,-26.16,-32.89,13.75,44.22,-1.3,0.4,128.7
190549,-27.36,-32.74,13.60,44.78,-0.9,0.4,130.0
190599,-28.55,-32.29,13.60,45.20,-1.2,0.4,131.6
190649,-26.91,-34.83,12.71,45.81,-1.0,0.3,127.8
190699,-26.76,-33.04,14.35,44.87,-0.8,0.1,129.2
190749,-25.56,-33.49,14.35,44.51,-0.8,0.5,127.4
190799,-26.16,-33.19,15.25,44.93,-1.1,0.4,128.4
190849,-27.36,-33.79,12.56,45.25,-0.7,0.4,129.1
190899,-26.91,-33.64,13.75,45.22,-0.9,0.6,128.7
190949,-26.31,-33.79,13.60,44.93,-1.0,0.3,128.0
190999,-27.66,-32.14,14.80,44.91,-1.0,0.3,130.9
191049,-26.76,-33.49,14.35,45.21,-0.8,0.4,128.7
191099,-28.11,-33.79,14.35,46.23,-1.0,0.1,129.9
191149,-27.81,-33.79,13.90,45.91,-0.9,0.4,129.6
191199,-26.31,-34.24,13.90,45.36,-0.8,0.3,127.6
191249,-27.21,-33.64,13.45,45.31,-1.1,0.1,129.2
191299,-26.46,-33.64,13.45,44.86,-0.9,0.2,128.3
191349,-26.76,-32.74,13.90,44.51,-0.8,0.5,129.3
191399,-27.21,-33.19,14.50,45.30,-1.0,0.3,129.5
191449,-26.91,-34.83,13.75,46.12,-0.8,0.3,127.8
191499,-26.91,-33.19,12.71,44.58,-0.7,0.6,129.0
191549,-27.06,-34.98,13.60,46.27,-0.9,0.1,127.9
191599,-26.46,-33.64,12.71,44.64,-0.9,0.3,128.3
191649,-28.40,-34.38,13.75,46.67,-0.8,0.3,129.6
191699,-28.40,-33.64,15.55,46.69,-0.8,0.2,130.3
191749,-27.36,-32.74,14.65,45.11,-0.8,0.4,130.0
191799,-27.21,-33.19,14.50,45.30,-1.0,0.5,129.4
191849,-27.81,-33.49,14.65,45.93,-1.0,0.3,129.8
191899,-27.36,-32.29,13.60,44.46,-0.9,0.2,130.4
191949,-28.40,-32.44,15.25,45.74,-1.2,0.2,131.4
191999,-27.21,-34.83,13.45,46.20,-0.8,0.3,128.1
192049,-26.46,-33.19,13.45,44.53,-0.9,0.4,128.6
192100,-27.06,-33.04,15.40,45.40,-0.7,0.4,129.4
192150,-27.36,-34.24,13.60,45.89,-1.2,0.2,128.8
192200,-27.36,-31.54,13.90,44.01,-1.2,0.3,131.1
192250,-28.11,-34.24,13.90,46.43,-1.2,0.5,129.5
192300,-26.91,-32.14,14.50,44.36,-0.9,0.3,130.1
192350,-26.76,-33.79,12.86,44.98,-1.0,0.5,128.5
192400,-27.96,-34.38,14.50,46.63,-1.0,0.4,129.2
192450,-26.31,-33.49,13.60,44.71,-0.8,0.5,128.2
192500,-26.91,-32.44,13.75,44.34,-1.1,0.7,129.8
192550,-27.66,-32.44,14.50,45.03,-0.6,0.4,130.5
192600,-27.66,-33.64,14.20,45.81,-0.8,0.4,129.5
192650,-27.66,-33.94,12.41,45.50,-0.9,0.5,129.2
192700,-26.16,-32.89,13.01,43.99,-1.0,0.4,128.6
192750,-27.06,-33.04,14.35,45.05,-0.9,0.4,129.4
192800,-27.36,-32.29,13.90,44.55,-1.0,0.2,130.4
192850,-26.46,-33.64,13.75,44.95,-1.4,0.1,128.5
192900,-27.81,-33.04,13.90,45.37,-0.9,0.5,130.2
192950,-27.66,-33.64,14.20,45.81,-0.9,0.4,129.5
193000,-26.76,-34.53,12.56,45.46,-1.0,0.2,127.9
193050,-28.55,-34.53,14.35,47.05,-0.9,0.2,129.7
193100,-27.06,-33.79,13.90,45.47,-0.8,0.6,128.7
193150,-25.71,-32.44,12.41,43.22,-0.9,0.3,128.5
193200,-27.96,-32.44,14.80,45.31,-1.1,0.2,131.0
193250,-26.46,-33.94,15.25,45.66,-1.2,0.2,128.1
193300,-27.81,-33.49,14.35,45.83,-1.3,0.3,129.9
193350,-26.91,-33.19,13.01,44.66,-0.7,0.4,129.1
193400,-27.66,-33.19,13.75,45.34,-0.7,-0.0,130.0
193450,-27.66,-33.19,14.50,45.57,-0.9,0.4,129.9
193500,-27.66,-33.64,13.01,45.45,-0.9,0.1,129.6
193550,-26.91,-33.64,14.20,45.36,-0.8,0.3,128.8
193600,-27.66,-33.64,14.50,45.90,-0.9,0.2,129.6
193650,-27.96,-33.19,14.20,45.66,-0.9,0.3,130.2
193700,-26.31,-33.49,13.60,44.71,-0.9,0.4,128.3
193750,-26.01,-34.53,13.31,45.24,-1.2,0.2,127.2
193800,-27.81,-33.79,13.31,45.74,-1.0,0.5,129.6
193850,-27.81,-32.29,15.10,45.21,-1.2,0.2,131.0
193900,-27.81,-34.24,15.10,46.62,-0.9,0.3,129.2
193950,-26.16,-32.89,14.80,44.56,-0.9,0.4,128.6
194000,-27.36,-33.79,13.90,45.64,-0.8,0.2,129.1
194050,-26.31,-33.49,13.31,44.62,-1.1,0.2,128.3
194101,-27.21,-33.19,14.20,45.21,-1.2,0.4,129.5
194151,-27.66,-34.83,13.45,46.47,-1.1,0.2,128.6
194201,-28.40,-33.94,13.01,46.13,-0.8,0.1,130.1
194251,-26.76,-34.98,13.31,46.01,-0.9,0.5,127.5
194301,-27.06,-32.74,13.60,44.60,-1.1,0.3,129.7
194351,-27.36,-33.79,15.40,46.12,-0.9,0.1,129.2
194401,-28.11,-33.04,14.35,45.69,-0.9,0.2,130.6
194451,-27.36,-33.04,14.35,45.23,-0.8,0.2,129.7
194501,-27.21,-34.83,13.45,46.20,-0.9,0.6,128.0
194551,-28.85,-32.74,15.40,46.28,-0.8,0.2,131.5
194601,-27.21,-33.94,13.45,45.53,-0.8,0.3,128.8
194651,-26.31,-33.49,13.90,44.80,-0.7,0.2,128.2
194701,-26.46,-33.94,13.75,45.18,-1.3,0.3,128.1
194751,-26.01,-32.29,14.65,43.98,-0.9,0.3,129.0
194801,-27.66,-33.19,13.75,45.34,-1.2,0.6,129.9
194851,-26.31,-33.79,15.40,45.51,-1.0,0.2,128.1
194901,-27.96,-34.38,15.55,46.96,-1.1,0.2,129.3
194951,-27.36,-33.49,13.90,45.42,-0.9,0.2,129.4
195001,-28.55,-34.53,14.65,47.14,-0.9,0.3,129.7
195051,-27.81,-33.49,13.60,45.60,-0.9,0.3,129.8
195101,-26.76,-32.74,14.65,44.75,-1.0,0.4,129.4
195151,-26.76,-33.79,13.90,45.29,-0.9,0.4,128.5
195201,-26.46,-33.64,13.75,44.95,-0.8,0.4,128.2
195251,-27.96,-32.89,13.75,45.30,-1.0,0.6,130.4
195301,-27.66,-33.94,14.80,46.21,-0.9,0.4,129.3
195351,-26.76,-33.49,15.10,45.45,-0.8,0.4,128.7
195401,-28.70,-32.89,13.45,45.68,-0.8,0.3,131.2
195451,-25.56,-32.29,14.65,43.71,-0.9,0.3,128.5
195501,-27.36,-33.04,13.60,45.00,-1.0,0.2,129.8
195551,-26.76,-33.04,13.31,44.55,-0.8,0.3,129.1
195601,-26.91,-32.14,15.25,44.61,-1.1,0.2,130.1
195651,-26.91,-31.69,13.75,43.79,-0.9,0.5,130.4
195701,-26.91,-33.19,13.75,44.89,-0.8,0.3,129.1
195751,-26.76,-33.79,12.86,44.98,-1.0,0.4,128.5
195801,-27.96,-32.89,14.20,45.44,-0.8,0.4,130.4
195851,-27.96,-33.19,13.45,45.43,-0.9,0.4,130.2
195901,-26.76,-32.74,14.35,44.65,-1.1,0.1,129.5
195951,-27.96,-32.89,14.20,45.44,-0.9,0.5,130.4
196001,-27.36,-33.04,15.10,45.48,-0.7,0.2,129.7
196051,-28.70,-35.13,12.41,47.03,-1.0,0.3,129.4
196102,-25.56,-33.49,13.60,44.27,-0.9,0.5,127.4
196152,-27.21,-32.89,13.01,44.62,-0.8,0.3,129.7
196202,-26.76,-33.79,14.35,45.43,-1.0,0.4,128.5
196252,-27.66,-33.94,12.71,45.59,-0.6,0.6,129.2
196302,-27.66,-33.19,13.75,45.34,-0.9,0.5,129.9
196352,-27.36,-33.79,13.90,45.64,-1.1,0.4,129.1
196402,-26.46,-33.64,14.50,45.19,-1.1,0.2,128.4
196452,-28.70,-33.64,16.00,47.02,-0.8,0.4,130.6
196502,-28.55,-32.74,12.86,45.31,-0.9,0.5,131.2
196552,-26.46,-32.14,13.75,43.85,-0.8,0.3,129.6
196602,-26.31,-32.29,14.65,44.16,-1.0,0.2,129.3
196652,-26.91,-33.19,14.20,45.03,-0.9,0.4,129.1
196702,-27.06,-33.04,14.65,45.15,-0.8,0.4,129.4
196752,-27.21,-33.19,14.20,45.21,-1.0,0.4,129.4
196802,-27.21,-34.38,13.45,45.87,-0.7,0.3,128.4
196852,-27.36,-33.79,13.90,45.64,-1.1,-0.1,129.3
196902,-27.21,-33.64,12.71,45.09,-0.9,0.6,129.0
196952,-26.91,-32.89,13.75,44.67,-0.8,0.5,129.3
197002,-27.66,-33.94,15.55,46.46,-1.0,0.1,129.4
197052,-26.76,-33.49,14.65,45.30,-1.2,0.1,128.9
197102,-26.16,-33.94,14.20,45.14,-1.0,0.1,127.8
197152,-26.91,-33.94,13.01,45.22,-1.0,0.7,128.4
197202,-27.06,-33.79,14.35,45.60,-1.1,0.3,128.8
197252,-27.36,-33.79,14.65,45.88,-0.9,0.6,129.0
197302,-27.96,-32.44,14.20,45.12,-0.7,0.1,130.9
197352,-26.91,-34.38,13.75,45.78,-1.2,0.2,128.2
197402,-27.36,-34.24,13.60,45.89,-1.1,0.3,128.8
197452,-26.01,-33.49,13.90,44.63,-0.9,0.5,127.9
197502,-26.91,-34.38,13.75,45.78,-1.1,0.3,128.2
197552,-27.66,-35.58,14.50,47.34,-1.2,0.5,128.0
197602,-28.70,-34.38,13.01,46.64,-1.0,0.4,129.9
197652,-27.21,-33.94,15.25,46.09,-1.0,0.2,128.9
197702,-25.27,-33.49,14.35,44.34,-1.0,0.5,127.1
197752,-27.96,-33.94,12.71,45.77,-0.8,0.5,129.5
197802,-26.46,-33.94,14.80,45.51,-0.8,0.3,128.0
197852,-27.21,-34.83,13.01,46.07,-0.9,0.4,128.1
197902,-27.96,-32.14,13.75,44.76,-1.0,0.6,131.1
197952,-26.76,-33.49,13.90,45.07,-0.9,0.3,128.7
198002,-28.55,-33.04,12.56,45.44,-0.8,0.4,130.9
198052,-26.91,-32.44,14.50,44.57,-1.0,0.6,129.8
198103,-26.76,-33.79,13.60,45.20,-1.0,0.3,128.5
198153,-27.36,-32.29,14.35,44.69,-0.8,0.4,130.4
198203,-27.66,-33.64,14.20,45.81,-1.0,0.5,129.5
198253,-28.11,-34.98,13.60,46.89,-1.0,0.2,128.9
198303,-26.31,-33.49,13.31,44.62,-1.0,0.1,128.3
198353,-27.96,-32.44,13.75,44.98,-0.9,0.2,130.9
198403,-28.40,-33.19,13.75,45.80,-1.1,0.2,130.7
198453,-27.06,-34.24,14.35,45.94,-1.1,0.3,128.5
198503,-26.46,-32.44,13.45,43.97,-0.9,0.3,129.3
198553,-27.96,-32.14,13.01,44.54,-0.9,0.3,131.1
198603,-27.81,-32.29,13.31,44.64,-1.2,-0.1,131.0
198653,-27.81,-33.04,12.56,44.97,-1.0,0.3,130.2
198703,-27.06,-33.04,13.90,44.91,-1.0,0.4,129.4
198753,-27.36,-33.04,15.10,45.48,-0.7,0.4,129.7
198803,-26.91,-33.19,14.20,45.03,-1.1,0.5,129.1
198853,-27.06,-33.49,13.90,45.24,-0.9,0.4,129.0
198903,-27.81,-34.53,14.65,46.70,-0.9,0.5,128.9
198953,-27.81,-32.74,14.35,45.29,-1.2,0.1,130.6
199003,-27.36,-34.24,14.35,46.11,-1.0,0.6,128.7
199053,-27.66,-34.38,14.50,46.45,-0.8,0.2,128.9
199103,-27.06,-32.74,13.60,44.60,-0.8,0.3,129.7
199153,-27.06,-33.79,14.35,45.60,-1.1,0.4,128.8
199203,-27.36,-33.79,13.90,45.64,-1.0,0.5,129.1
199253,-26.46,-33.19,14.80,44.95,-1.0,0.2,128.7
199303,-27.36,-34.24,12.86,45.67,-0.9,0.5,128.7
199353,-27.06,-34.53,14.65,46.25,-0.9,0.4,128.2
199403,-28.11,-34.98,13.90,46.98,-1.1,0.4,128.9
199453,-27.06,-33.04,13.60,44.82,-0.8,0.2,129.4
199503,-28.40,-33.19,14.50,46.03,-1.2,0.2,130.8
199553,-26.16,-33.94,16.30,45.84,-0.7,0.4,127.7
199603,-26.91,-33.19,12.41,44.49,-1.0,0.4,129.1
199653,-27.36,-33.04,14.65,45.33,-1.0,0.3,129.8
199703,-26.16,-32.44,14.20,44.03,-1.1,0.3,129.0
199753,-25.56,-34.24,12.86,44.62,-0.8,0.3,126.8
199803,-27.81,-34.53,12.86,46.16,-0.9,0.3,128.9
199853,-26.76,-32.74,13.90,44.51,-0.8,0.4,129.3
199903,-27.96,-34.83,16.59,47.65,-1.2,0.2,129.0
199953,-26.91,-33.19,14.20,45.03,-1.2,0.4,129.2
200003,-26.31,-33.49,15.10,45.19,-0.9,0.2,128.3
200053,-28.55,-33.04,12.86,45.52,-0.8,0.0,131.0
200104,-27.81,-32.29,13.60,44.73,-1.1,0.1,130.9
200154,-27.21,-33.94,14.80,45.95,-1.0,0.7,128.8
200204,-27.36,-32.74,15.10,45.26,-1.0,0.6,130.0
200254,-27.21,-32.44,13.01,44.29,-1.0,0.2,130.1
200304,-29.15,-33.94,13.45,46.72,-1.0,0.2,130.8
200354,-26.76,-32.74,13.60,44.42,-0.9,0.5,129.3
200404,-27.36,-33.49,14.35,45.56,-0.9,0.4,129.3
200454,-27.21,-32.89,13.45,44.76,-1.1,0.2,129.8
200504,-26.31,-33.04,14.35,44.61,-0.9,0.4,128.6
200554,-27.66,-34.38,14.80,46.54,-1.0,0.3,128.9
200604,-26.31,-33.79,14.35,45.16,-0.8,0.3,128.0
200654,-26.01,-34.24,13.31,45.01,-0.8,0.2,127.3
200704,-28.40,-33.64,13.75,46.12,-1.0,0.4,130.3
200754,-25.56,-33.49,14.35,44.51,-0.7,0.2,127.4
200804,-27.06,-33.04,15.10,45.30,-1.1,0.4,129.4
200854,-26.91,-33.64,14.80,45.55,-1.2,0.5,128.8
200904,-26.91,-33.64,13.01,45.00,-0.9,0.2,128.8
200954,-29.15,-34.38,14.50,47.35,-1.1,0.6,130.4
201004,-26.31,-32.74,13.31,44.06,-1.0,0.2,128.9
201054,-27.36,-32.74,13.60,44.78,-0.7,0.5,129.9
201104,-27.81,-33.04,16.89,46.37,-1.0,0.8,130.1
201154,-27.81,-33.79,12.11,45.40,-1.0,0.5,129.5
201204,-27.06,-33.49,14.35,45.38,-0.9,0.4,129.0
201254,-26.16,-34.83,14.20,45.82,-1.2,0.2,127.1
201304,-26.46,-33.19,14.80,44.95,-1.2,0.1,128.8
201354,-27.96,-33.64,13.75,45.85,-0.9,0.7,129.7
201404,-28.11,-34.53,13.60,46.56,-1.0,-0.0,129.3
201454,-26.91,-34.38,14.20,45.92,-0.9,0.4,128.1
201504,-26.76,-32.74,14.35,44.65,-1.3,0.5,129.4
201554,-28.55,-33.49,13.31,45.98,-0.9,0.5,130.5
201604,-28.70,-33.19,13.01,45.77,-1.3,0.3,131.0
201654,-26.91,-33.94,13.75,45.44,-0.9,0.4,128.5
201704,-27.06,-33.04,13.60,44.82,-1.3,0.4,129.5
201754,-26.16,-33.64,14.20,44.92,-0.7,0.5,127.9
201804,-28.11,-33.49,13.60,45.79,-0.9,0.3,130.1
201854,-28.11,-32.74,13.90,45.33,-0.9,0.3,130.8
201904,-27.36,-34.98,12.86,46.23,-1.0,0.2,128.2
201954,-28.11,-33.49,13.90,45.88,-1.0,0.2,130.2
202004,-26.76,-32.74,14.35,44.65,-1.2,0.3,129.4
202054,-27.81,-34.24,13.90,46.25,-0.9,0.6,129.1
202105,-26.76,-31.84,15.70,44.46,-1.2,0.3,130.3
202155,-27.21,-32.44,14.50,44.76,-1.1,0.5,130.1
202205,-28.11,-34.53,13.60,46.56,-0.6,0.2,129.2
202255,-27.81,-33.49,14.35,45.83,-0.8,0.6,129.7
202305,-26.46,-33.94,14.20,45.32,-1.1,0.1,128.1
202355,-27.06,-35.28,13.90,46.59,-0.9,0.7,127.5
202405,-27.36,-32.29,14.65,44.79,-0.9,0.2,130.4
202455,-25.71,-32.89,13.75,43.96,-0.9,0.4,128.1
202505,-27.96,-33.64,14.20,45.99,-1.0,0.3,129.9
202555,-26.76,-33.04,13.60,44.64,-1.1,0.4,129.2
202605,-27.36,-33.79,13.31,45.47,-0.7,0.5,129.0
202655,-27.21,-33.64,14.20,45.54,-0.7,0.6,129.0
202705,-27.21,-32.44,13.75,44.52,-1.2,0.2,130.2
202755,-27.21,-32.44,13.01,44.29,-1.2,0.2,130.2
202805,-27.06,-33.04,13.31,44.73,-0.7,0.2,129.4
202855,-27.06,-32.74,14.35,44.83,-1.0,0.5,129.7
202905,-27.81,-33.49,14.65,45.93,-1.2,0.7,129.8
202955,-27.96,-32.89,14.80,45.63,-1.2,0.4,130.5
203005,-27.96,-32.89,13.75,45.30,-1.3,0.3,130.6
203055,-27.81,-33.04,13.60,45.28,-1.2,0.3,130.3
203105,-26.31,-33.04,14.65,44.71,-1.1,0.7,128.6
203155,-27.06,-32.74,14.65,44.93,-0.9,0.4,129.7
203205,-25.71,-33.64,14.20,44.66,-0.9,0.2,127.5
203255,-26.91,-33.19,15.25,45.37,-1.0,0.4,129.2
203305,-27.81,-32.29,14.65,45.06,-1.2,0.3,130.9
203355,-26.31,-34.24,14.35,45.50,-1.1,0.2,127.7
203405,-27.81,-33.49,13.60,45.60,-0.9,0.2,129.8
203455,-28.55,-32.74,13.90,45.61,-0.8,0.4,131.2
203505,-27.36,-34.24,12.56,45.59,-0.9,0.1,128.8
203555,-26.76,-33.04,14.65,44.97,-1.3,0.0,129.3
203605,-26.76,-32.74,14.35,44.65,-0.9,0.3,129.4
203655,-27.36,-34.98,13.90,46.54,-1.0,0.4,128.1
203705,-26.91,-33.19,14.80,45.22,-1.0,-0.0,129.3
203755,-27.36,-34.24,15.70,46.55,-1.1,0.3,128.8
203805,-25.41,-32.44,13.75,43.45,-0.8,0.7,128.1
203855,-26.76,-33.79,12.11,44.77,-1.1,0.4,128.5
203905,-26.91,-33.94,14.20,45.58,-1.0,0.6,128.5
203955,-26.31,-31.10,13.90,43.04,-0.8,0.3,130.4
204005,-27.66,-32.44,13.45,44.70,-0.8,0.1,130.6
204055,-28.40,-32.44,14.80,45.59,-0.6,0.3,131.3
204106,-26.76,-34.24,14.65,45.86,-1.0,0.3,128.2
204156,-27.66,-33.94,13.45,45.80,-0.9,0.4,129.3
204206,-26.16,-33.19,13.45,44.35,-0.8,-0.0,128.4
204256,-28.40,-34.83,14.80,47.32,-1.2,0.5,129.3
204306,-27.21,-34.83,13.45,46.20,-1.0,0.6,128.0
204356,-26.91,-34.38,14.50,46.01,-0.8,0.6,128.0
204406,-26.76,-33.04,12.86,44.42,-0.9,0.3,129.1
204456,-27.21,-33.94,14.50,45.85,-0.9,0.2,128.9
204506,-27.81,-33.49,13.60,45.60,-1.0,0.5,129.8
204556,-27.36,-32.29,12.86,44.23,-1.0,0.3,130.4
204606,-28.40,-34.38,13.45,46.59,-1.0,0.3,129.7
204656,-27.21,-33.64,14.80,45.73,-1.0,0.5,129.1
204706,-27.06,-34.53,13.31,45.85,-1.1,0.5,128.2
204756,-27.96,-34.38,14.20,46.54,-1.1,0.3,129.2
204806,-27.81,-33.04,15.10,45.75,-1.0,0.4,130.2
204856,-27.21,-35.13,12.71,46.22,-1.1,0.2,127.9
204906,-28.11,-35.28,13.90,47.20,-1.0,0.2,128.7
204956,-26.46,-33.94,14.50,45.41,-1.0,0.4,128.0
205006,-27.81,-34.53,13.90,46.47,-1.0,0.3,129.0
205056,-27.66,-33.64,15.55,46.24,-1.1,0.3,129.6
205106,-26.16,-33.94,14.20,45.14,-0.7,0.2,127.7
205156,-27.06,-35.73,14.35,47.06,-1.0,0.5,127.2
205206,-27.66,-33.64,14.20,45.81,-1.2,0.4,129.6
205256,-26.31,-34.24,14.35,45.50,-0.9,0.1,127.7
205306,-29.15,-33.64,13.01,46.37,-1.0,0.2,131.1
205356,-26.76,-33.79,13.31,45.11,-0.9,0.4,128.4
205406,-27.81,-33.04,13.31,45.19,-0.8,0.5,130.1
205456,-27.06,-32.74,14.35,44.83,-0.9,0.3,129.7
205506,-27.06,-33.04,14.65,45.15,-1.3,0.2,129.6
205556,-28.55,-32.74,13.90,45.61,-0.9,0.5,131.2
205606,-27.96,-32.89,14.80,45.63,-0.9,0.4,130.5
205656,-27.21,-31.69,14.20,44.12,-1.0,0.5,130.7
205706,-26.76,-32.29,13.90,44.18,-0.9,0.3,129.8
205756,-27.06,-33.49,14.35,45.38,-1.1,0.3,129.1
205806,-27.21,-34.83,14.20,46.43,-1.1,0.2,128.2
205856,-27.81,-34.24,15.10,46.62,-1.0,0.2,129.2
205906,-28.40,-32.44,13.45,45.17,-0.9,0.3,131.3
205956,-27.21,-32.89,14.20,44.99,-1.0,0.6,129.7
206006,-27.96,-33.94,13.45,45.98,-0.8,0.5,129.5
206056,-26.91,-33.64,11.96,44.71,-1.1,0.2,128.8
206107,-27.66,-34.38,13.01,46.00,-1.2,0.4,128.9
206157,-26.91,-33.64,14.50,45.45,-1.0,0.3,128.8
206207,-28.70,-33.94,13.45,46.44,-1.1,0.2,130.4
206257,-26.16,-32.89,14.20,44.36,-1.0,0.2,128.7
206307,-27.36,-33.79,14.65,45.88,-0.9,0.5,129.1
206357,-26.91,-33.64,13.75,45.22,-1.0,0.2,128.8
206407,-27.36,-34.24,14.65,46.21,-0.9,0.6,128.7
206457,-26.76,-33.49,15.40,45.55,-1.0,0.6,128.7
206507,-27.96,-34.83,14.50,46.96,-0.8,0.3,128.8
206557,-26.46,-32.44,14.50,44.31,-1.1,0.3,129.4
206607,-28.11,-34.53,15.40,47.11,-1.0,0.6,129.2
206657,-27.36,-32.74,13.90,44.87,-0.6,0.2,130.0
206707,-26.76,-34.24,14.65,45.86,-0.9,0.4,128.1
206757,-26.91,-33.64,14.50,45.45,-0.6,0.1,128.8
206807,-27.06,-33.79,13.60,45.37,-1.1,0.4,128.8
206857,-27.21,-34.38,15.25,46.42,-0.9,0.5,128.4
206907,-27.81,-32.74,14.35,45.29,-1.2,0.3,130.5
206957,-26.01,-33.04,13.90,44.29,-0.9,0.3,128.3
207007,-27.06,-33.49,14.35,45.38,-1.2,0.4,129.1
207057,-27.06,-34.53,15.40,46.50,-1.0,-0.0,128.3
207107,-26.76,-33.79,12.56,44.89,-0.8,0.0,128.5
207157,-27.36,-34.24,14.35,46.11,-1.0,0.6,128.7
207207,-27.36,-35.73,13.60,47.01,-1.2,0.6,127.5
207257,-27.06,-34.53,14.65,46.25,-0.8,0.5,128.1
207307,-27.66,-32.44,14.80,45.13,-0.9,0.2,130.6
207357,-27.66,-33.19,14.80,45.67,-1.1,0.5,129.9
207407,-27.96,-35.88,13.01,47.31,-1.3,0.0,128.2
207457,-28.11,-33.49,15.10,46.25,-1.2,0.3,130.2
