532720,-11.06,2.39,58.75,59.83,-50.7,21.7,283.8
532770,-8.97,2.84,59.80,60.54,-57.2,27.1,291.2
532820,-7.33,4.49,59.95,60.56,-56.1,24.7,290.1
532870,-9.42,5.23,59.35,60.32,-51.4,21.9,285.2
532920,-8.97,5.83,59.80,60.75,-52.2,20.9,284.5
532970,-8.97,9.27,59.05,60.44,-53.1,22.8,285.7
533020,-9.27,8.52,58.01,59.36,-51.3,16.9,278.9
533070,-10.91,11.66,57.11,59.30,-43.1,16.4,276.7
533120,-10.32,13.01,57.26,59.62,-37.9,5.9,264.6
533170,-13.31,17.64,55.91,60.12,-34.2,7.0,262.2
533220,-14.20,17.04,53.22,57.66,-30.9,0.4,251.7
533270,-15.10,20.63,54.42,60.12,-30.2,2.9,254.9
533320,-15.85,21.08,52.62,58.86,-23.7,-4.7,243.2
533370,-16.00,22.42,50.98,57.95,-25.9,-1.7,247.4
533420,-16.00,25.86,48.14,56.94,-17.0,-13.0,234.7
533470,-18.24,26.16,47.09,56.88,-20.3,-12.6,234.3
533520,-21.53,27.66,44.85,56.92,-11.5,-20.9,223.2
533570,-21.23,28.55,40.96,54.26,-12.7,-24.3,223.3
533620,-22.28,28.11,40.51,54.11,-7.4,-28.2,218.7
533670,-20.63,30.20,38.27,52.94,-5.8,-31.4,220.7
533720,-22.42,30.65,37.23,53.18,-6.4,-32.3,220.0
533770,-23.62,31.39,33.94,51.92,5.2,-37.0,217.5
533820,-23.02,30.05,32.29,49.76,-3.7,-37.1,219.1
533870,-21.23,31.84,30.20,48.75,14.7,-40.1,218.5
533920,-23.62,31.69,28.85,48.94,3.7,-41.6,220.3
533970,-22.42,31.69,26.31,46.90,15.8,-43.9,220.7
534020,-21.53,33.04,26.16,47.32,8.5,-46.0,223.7
534070,-23.02,32.74,24.82,47.09,25.4,-45.7,220.8
534120,-21.23,32.29,23.02,44.98,18.1,-49.0,224.7
534170,-21.68,33.64,20.63,45.02,27.1,-49.2,226.4
534220,-21.08,31.39,19.14,42.38,25.8,-51.2,227.0
534271,-21.38,31.39,18.09,42.07,28.6,-52.1,227.9
534321,-19.88,32.89,17.04,42.04,35.9,-55.0,230.2
534371,-18.99,31.84,15.40,40.14,44.8,-53.7,228.7
534421,-18.24,32.29,12.86,39.25,50.2,-55.1,231.7
534471,-18.09,29.75,11.21,36.58,53.9,-59.2,233.4
534521,-17.64,29.75,9.42,35.85,68.2,-57.8,229.4
534571,-16.00,28.85,9.27,34.27,76.1,-59.1,224.1
534621,-15.40,28.11,7.18,32.84,70.6,-58.4,232.0
534671,-14.65,26.16,5.38,30.46,87.6,-58.6,221.4
534721,-13.01,27.21,4.49,30.49,81.0,-57.4,229.6
534771,-14.35,26.76,1.94,30.43,91.0,-58.6,229.6
534821,-12.41,25.86,2.39,28.79,83.7,-60.4,236.5
534871,-11.96,24.67,3.59,27.65,89.4,-58.4,222.6
534921,-12.56,24.07,3.74,27.40,98.1,-58.8,208.6
534971,-10.91,22.42,1.79,25.00,100.8,-58.6,209.3
535021,-10.17,21.98,1.05,24.24,106.2,-59.6,196.4
535071,-10.76,21.38,0.45,23.94,106.5,-58.6,202.9
535121,-8.97,19.14,-1.20,21.17,108.5,-59.8,208.3
535171,-9.72,18.84,-0.90,21.21,116.4,-54.6,170.7
535221,-9.72,17.64,-0.90,20.16,116.0,-57.3,180.7
535271,-7.62,17.04,-3.59,19.01,125.1,-53.9,117.8
535321,-5.98,14.65,-2.24,15.98,125.0,-55.4,115.0
535371,-5.98,13.01,-1.94,14.45,130.5,-48.0,122.0
535421,-6.13,10.91,-3.89,13.11,129.3,-54.3,107.6
535471,-5.23,10.76,-4.49,12.78,136.3,-49.7,89.2
535521,-5.08,11.36,-2.39,12.67,139.5,-49.4,106.2
535571,-5.83,11.36,-3.89,13.35,134.6,-51.3,101.5
535621,-5.83,8.67,-3.59,11.05,143.4,-48.8,111.2
535671,-6.13,6.43,-3.89,9.70,139.8,-53.0,157.5
535721,-6.73,6.28,-3.29,9.77,137.4,-48.1,186.9
535771,-6.28,3.14,-2.99,7.63,145.2,-46.1,208.4
535821,-7.33,4.19,-3.59,9.17,145.0,-51.4,212.8
535871,-5.83,0.00,-2.84,6.49,154.4,-48.9,238.0
535921,-5.68,1.20,-4.78,7.52,154.0,-48.2,264.3
535971,-6.73,-0.45,-4.04,7.86,157.1,-48.6,247.4
536021,-3.89,-2.99,-2.84,5.67,160.1,-52.6,268.7
536071,-3.44,-5.38,-2.99,7.05,167.5,-46.7,268.3
536121,-3.59,-7.18,0.30,8.03,164.9,-44.1,249.7
536171,-3.74,-6.28,-0.90,7.36,166.4,-42.1,252.4
536221,-2.99,-7.77,-0.90,8.38,168.7,-36.3,257.0
536272,-1.05,-9.12,1.35,9.28,165.0,-38.6,259.2
536322,-2.84,-10.17,1.79,10.71,168.0,-34.2,251.4
536372,-1.35,-12.56,0.30,12.63,166.4,-33.1,264.0
536422,-2.09,-11.36,1.05,11.60,171.0,-32.6,258.3
536472,-1.94,-11.51,1.94,11.84,167.3,-28.6,256.6
536522,-1.20,-13.75,2.69,14.07,171.1,-31.4,259.7
536572,-1.05,-13.31,4.19,13.99,173.4,-26.9,257.6
536622,-0.60,-13.60,3.89,14.16,174.5,-29.8,259.5
536672,-0.90,-13.75,4.49,14.49,173.7,-21.5,259.4
536722,0.00,-15.55,3.14,15.86,173.3,-27.1,264.6
536772,-1.05,-15.55,4.19,16.14,174.0,-25.8,259.6
536822,2.54,-14.05,3.14,14.62,178.1,-25.7,273.8
536872,2.09,-15.85,4.63,16.64,177.2,-24.1,270.1
536922,1.20,-17.64,6.58,18.87,178.9,-20.2,266.2
536972,2.69,-16.89,6.88,18.44,175.1,-20.7,270.3
537022,2.24,-15.70,6.88,17.28,178.0,-16.4,270.8
537072,3.59,-17.04,7.18,18.84,176.4,-18.4,273.9
537122,2.69,-16.44,7.33,18.20,-179.7,-13.2,273.3
537172,4.63,-17.49,8.22,19.88,179.0,-16.1,277.2
537222,3.74,-16.89,8.37,19.22,179.2,-10.9,277.1
537272,3.29,-17.79,7.77,19.69,179.0,-8.7,276.7
537322,2.99,-17.19,9.12,19.69,-179.3,-8.3,275.4
537372,5.38,-18.24,8.97,21.03,179.2,-7.1,283.1
537422,4.93,-17.19,9.42,20.21,179.5,-6.8,282.5
537472,5.08,-19.29,10.32,22.45,-179.4,-4.8,282.2
537522,6.88,-18.99,12.56,23.78,-178.5,-5.1,286.5
537572,6.13,-18.24,11.81,22.58,-175.1,-0.4,287.5
537622,6.73,-19.58,12.71,24.30,-176.7,-4.1,286.0
537672,7.03,-19.58,12.41,24.23,-172.8,2.1,289.7
537722,5.83,-20.03,15.40,25.93,-173.2,1.1,285.8
537772,7.62,-21.68,16.15,28.08,-170.9,3.3,289.6
537822,6.13,-21.23,15.70,27.10,-163.1,0.0,283.9
537872,6.28,-22.57,18.84,30.06,-166.0,3.3,285.6
537922,7.33,-22.42,18.99,30.28,-166.4,4.1,288.3
537972,7.92,-21.68,19.73,30.37,-158.8,6.1,290.3
538022,8.37,-21.98,22.57,32.60,-159.0,7.3,291.7
538072,7.92,-21.68,23.32,32.81,-156.7,9.0,291.9
538122,7.33,-23.92,24.82,35.24,-153.7,9.2,289.4
538172,8.67,-25.41,26.61,37.81,-148.9,9.7,290.6
538222,8.22,-23.77,27.81,37.50,-151.6,7.5,289.4
538273,8.97,-22.57,31.10,39.46,-141.6,11.4,292.8
538323,7.62,-25.41,30.50,40.43,-143.7,8.7,287.9
538373,5.98,-23.02,33.94,41.44,-135.2,12.2,288.6
538423,7.92,-22.72,36.33,43.58,-133.2,10.2,289.3
538473,6.73,-22.57,39.62,46.09,-125.5,13.5,290.1
538523,6.13,-21.98,40.51,46.50,-123.3,13.7,289.5
538573,5.98,-21.38,43.65,48.97,-117.2,14.6,290.0
538623,4.49,-19.14,45.45,49.52,-112.5,15.7,289.6
538673,2.24,-20.33,47.99,52.17,-107.9,16.3,287.5
538723,3.59,-17.04,48.44,51.47,-105.0,16.3,289.4
538773,2.24,-14.95,50.08,52.31,-102.2,15.8,287.6
538823,3.29,-15.10,50.68,52.98,-97.5,15.7,288.9
538873,-0.45,-13.45,52.33,54.03,-95.8,15.0,284.2
538923,-0.15,-10.02,54.12,55.04,-90.5,15.6,285.4
538973,1.20,-10.76,53.37,54.46,-88.9,15.7,287.0
539023,-1.05,-9.42,55.31,56.12,-87.4,14.8,283.8
539073,-1.64,-7.77,55.17,55.73,-82.5,14.8,283.5
539123,-3.29,-6.73,55.31,55.82,-83.6,14.0,280.8
539173,-3.89,-6.43,56.36,56.86,-75.8,14.5,281.2
539223,-2.54,-6.43,57.86,58.27,-79.4,12.2,280.1
539273,-5.08,-3.29,57.86,58.17,-71.3,14.3,280.0
539323,-5.23,-3.14,57.71,58.03,-73.6,11.8,277.0
539373,-6.28,-0.15,58.75,59.09,-64.1,16.3,281.4
539423,-4.63,0.75,58.16,58.34,-69.3,11.6,277.5
539473,-7.03,2.39,58.45,58.92,-52.5,11.0,275.1
539523,-7.62,6.73,57.86,58.74,-59.6,10.4,273.1
539573,-8.37,6.43,57.56,58.52,-53.4,12.4,274.8
539623,-8.67,6.43,59.35,60.33,-50.0,8.1,269.7
539673,-8.52,8.52,58.01,59.24,-50.6,11.4,273.5
539723,-9.12,9.12,57.86,59.28,-46.8,7.9,268.8
539773,-9.42,10.61,57.56,59.28,-50.6,9.9,270.7
539823,-12.26,8.82,58.01,59.94,-46.7,13.7,272.2
539873,-10.91,10.61,56.36,58.38,-39.7,5.6,263.1
539923,-11.51,10.76,57.26,59.39,-40.3,10.2,268.5
539973,-12.71,11.66,56.81,59.37,-37.5,7.2,263.0
540023,-16.59,12.71,55.91,59.69,-40.3,6.5,257.7
540073,-17.34,12.71,54.42,58.51,-35.5,5.9,254.7
540123,-17.34,13.01,55.17,59.27,-38.9,4.2,253.7
540173,-21.53,11.66,54.27,59.54,-35.4,2.3,244.9
540223,-20.48,12.86,53.82,59.00,-36.4,-1.7,242.3
540274,-21.98,15.10,53.52,59.80,-38.7,-6.7,237.1
540324,-21.98,14.05,52.77,58.87,-36.4,-7.6,234.7
540374,-22.87,13.45,50.53,57.08,-37.4,-12.8,228.3
540424,-23.17,14.20,50.83,57.64,-34.1,-17.5,223.2
540474,-24.82,15.85,50.68,58.61,-36.7,-18.9,222.5
540524,-23.02,17.04,49.63,57.31,-41.1,-22.6,222.6
540574,-22.87,18.84,49.04,57.29,-31.1,-22.7,221.1
540624,-20.63,19.88,47.54,55.51,-35.0,-27.2,221.3
540674,-21.53,20.48,48.44,56.83,-31.3,-28.9,218.9
540724,-22.13,22.57,48.29,57.71,-33.5,-30.8,219.1
540774,-20.33,21.83,48.29,56.76,-32.1,-31.6,219.1
540824,-20.63,23.32,46.94,56.33,-29.9,-29.8,220.6
540874,-21.53,23.17,48.14,57.60,-28.2,-34.5,216.6
540924,-21.23,22.72,48.14,57.31,-26.8,-32.5,217.4
540974,-19.73,23.17,47.39,56.32,-24.3,-35.6,216.5
541024,-17.94,26.16,47.09,56.78,-17.8,-29.1,222.1
541074,-18.84,24.82,47.99,57.22,-21.1,-35.1,217.8
541124,-17.19,26.91,47.09,56.90,-21.1,-34.5,221.1
541174,-16.74,27.66,46.34,56.51,-24.1,-37.6,220.9
541224,-14.80,27.21,47.99,57.12,-16.5,-38.3,219.6
541274,-13.31,26.61,47.39,55.96,-14.7,-36.5,220.7
541324,-13.31,27.51,48.74,57.52,-15.5,-38.6,220.2
541374,-11.81,27.96,47.24,56.15,-9.5,-40.5,219.1
541424,-11.51,29.00,47.54,56.87,-10.9,-40.6,220.5
541474,-10.02,29.45,46.94,56.31,-4.0,-41.8,219.0
541524,-9.42,30.35,46.64,56.44,-19.5,-39.1,226.5
541574,-8.22,30.95,47.99,57.69,1.6,-41.9,218.3
541624,-8.22,31.39,47.24,57.32,8.5,-42.3,215.2
541674,-5.98,30.20,47.54,56.64,6.1,-44.9,215.4
541724,-4.93,29.75,48.29,56.93,6.3,-43.4,215.4
541774,-4.19,31.69,47.99,57.66,13.2,-42.6,213.4
541824,-3.89,29.60,48.14,56.65,12.5,-44.6,211.1
541874,-4.19,30.20,47.54,56.48,13.5,-45.3,211.2
541924,-0.90,29.00,48.29,56.34,17.9,-43.3,206.7
541974,-0.45,29.75,48.29,56.72,24.5,-44.0,200.7
542024,-0.90,28.26,47.24,55.05,24.9,-43.1,199.0
542074,0.45,24.82,49.33,55.23,29.6,-43.4,186.4
542124,0.90,27.96,49.04,56.45,31.2,-43.0,188.7
542174,1.64,26.46,49.04,55.74,35.4,-42.6,180.0
542224,2.84,28.11,49.63,57.11,39.0,-43.5,176.4
542275,2.69,25.27,48.29,54.57,41.2,-40.0,167.4
542325,3.44,25.27,49.04,55.27,45.7,-42.3,161.8
542375,3.44,24.82,48.74,54.80,46.2,-37.6,155.7
542425,4.63,25.41,50.68,56.89,47.6,-41.3,156.1
542475,4.93,24.07,50.83,56.46,54.8,-37.7,141.6
542525,4.34,23.92,49.19,54.87,57.6,-37.3,139.6
542575,6.28,23.32,49.33,54.93,65.1,-36.4,129.3
542625,5.08,25.12,49.63,55.86,66.6,-32.0,125.2
542675,4.34,25.12,48.44,54.73,76.8,-31.9,120.9
542725,3.44,26.76,47.99,55.05,74.4,-33.0,124.9
542775,2.84,25.86,49.19,55.64,84.0,-31.3,119.7
542825,2.24,27.96,47.54,55.20,84.8,-32.4,121.5
542875,0.30,28.55,48.89,56.62,91.9,-29.3,118.4
542925,1.05,28.85,45.30,53.72,94.9,-30.8,118.1
542975,-0.60,30.05,44.55,53.74,101.1,-27.3,115.3
543025,-2.24,31.39,44.40,54.43,101.1,-27.9,117.6
543075,-1.05,32.29,43.50,54.19,106.9,-25.0,112.5
543125,-2.09,31.84,43.80,54.20,108.8,-22.8,111.6
543175,-0.90,32.89,41.11,52.66,113.6,-21.3,108.2
543225,-0.90,32.89,41.11,52.66,119.2,-19.0,106.0
543275,-2.24,33.64,41.86,53.75,117.6,-17.4,106.2
543325,-3.74,33.19,40.07,52.16,122.8,-13.7,104.7
543375,-3.44,33.94,41.41,53.65,120.0,-13.0,103.9
543425,-3.89,33.79,40.96,53.24,123.5,-13.4,104.5
543475,-5.83,34.53,42.01,54.69,122.5,-13.5,106.6
543525,-6.13,33.79,40.96,53.45,123.2,-11.7,105.6
543575,-7.03,33.19,41.86,53.88,120.4,-11.0,106.3
543625,-7.92,33.49,42.01,54.30,120.6,-11.0,107.1
543675,-7.03,32.14,40.81,52.42,121.1,-11.4,106.7
543725,-8.37,33.49,41.71,54.14,123.3,-10.9,107.4
543775,-9.42,33.49,41.26,53.97,125.1,-13.9,110.8
543825,-11.66,32.74,41.71,54.29,120.4,-11.7,111.8
543875,-12.41,33.49,39.92,53.56,124.2,-10.2,111.3
543925,-14.20,32.74,40.51,53.99,121.0,-9.9,113.2
543975,-15.10,32.14,39.62,53.20,121.1,-13.8,117.4
544025,-16.30,30.20,39.32,52.19,123.7,-11.0,116.9
544075,-16.44,31.54,40.96,54.25,117.6,-14.9,119.9
544125,-18.09,29.00,41.11,53.47,121.4,-11.2,118.9
544175,-18.24,29.60,40.22,53.16,114.7,-17.5,124.9
544225,-18.24,31.84,39.92,54.22,121.6,-11.3,118.7
544276,-18.99,29.60,40.51,53.65,119.9,-13.0,121.4
544326,-19.14,29.75,40.36,53.67,118.6,-11.9,120.8
544376,-20.03,29.30,40.22,53.64,120.9,-12.5,122.2
544426,-20.48,28.85,40.22,53.57,119.6,-11.4,121.9
544476,-19.88,29.00,39.62,52.97,119.7,-11.0,121.2
544526,-22.42,30.20,39.32,54.41,119.2,-9.2,122.0
544576,-20.48,28.85,38.12,52.01,122.1,-9.0,120.4
544626,-20.78,28.55,38.72,52.41,123.2,-8.5,120.2
544676,-20.33,29.45,38.27,52.40,122.2,-6.8,118.3
544726,-19.58,30.20,37.82,52.21,124.6,-10.7,120.4
544776,-21.23,30.80,38.12,53.41,121.4,-6.8,119.0
544826,-21.08,30.95,37.82,53.22,122.3,-4.1,116.8
544876,-20.63,30.95,37.23,52.62,116.6,-8.7,120.7
544926,-20.48,30.80,36.63,52.05,125.0,-2.5,115.1
544976,-18.84,30.65,36.03,50.91,124.2,3.4,109.2
545026,-20.63,30.95,34.24,50.55,123.5,3.4,111.7
545076,-20.33,31.69,34.68,51.19,122.5,3.9,110.7
545126,-18.99,32.29,34.53,50.95,123.3,8.2,105.9
545176,-19.73,33.04,34.53,51.71,122.5,7.8,106.9
545226,-17.34,31.69,34.24,49.77,119.1,11.2,102.3
545276,-16.59,32.44,34.24,50.00,122.4,13.3,99.6
545326,-17.49,33.79,32.29,49.90,116.9,17.6,98.3
545376,-16.59,33.64,32.44,49.59,120.2,20.4,95.0
545426,-17.94,33.49,31.99,49.67,110.8,25.6,92.9
545476,-15.70,34.24,32.29,49.61,96.0,32.7,83.8
545526,-15.40,35.28,33.79,51.22,102.1,26.7,88.2
545576,-14.65,33.79,31.99,48.78,101.9,38.8,77.9
545626,-14.80,33.94,31.10,48.35,86.6,36.9,77.8
545676,-13.45,35.73,29.75,48.40,107.1,40.5,77.4
545726,-13.90,35.73,26.91,46.84,96.4,46.4,73.0
545776,-11.66,36.48,27.96,47.42,101.4,42.2,74.0
545826,-11.06,35.88,27.51,46.55,91.6,48.7,64.1
545876,-9.42,37.23,28.70,47.94,91.3,49.4,59.6
545926,-6.88,37.97,29.00,48.27,71.4,60.9,17.6
545976,-6.28,36.63,28.85,47.05,66.2,57.3,11.7
546026,-7.03,37.82,31.39,49.66,58.8,56.4,0.6
546076,-6.58,36.03,31.54,48.34,48.4,52.4,345.0
546126,-6.58,37.23,33.79,50.70,49.0,51.5,348.1
546176,-6.88,36.48,33.34,49.89,28.5,50.3,317.7
546226,-6.73,35.88,36.03,51.29,49.3,45.1,358.6
546277,-7.33,33.49,36.63,50.17,18.8,44.9,313.7
546327,-7.03,34.38,36.78,50.84,41.5,45.2,346.0
546377,-6.73,34.83,38.27,52.19,10.7,43.9,307.5
546427,-6.58,34.98,38.42,52.38,24.3,42.7,319.0
546477,-7.92,34.53,38.42,52.26,22.5,40.0,314.9
546527,-6.13,33.49,38.42,51.33,17.6,39.6,312.3
546577,-7.92,34.24,39.17,52.62,16.1,34.2,304.2
546627,-7.77,33.64,39.62,52.55,10.1,36.4,302.8
546677,-6.73,32.89,39.32,51.70,15.8,36.3,309.2
546727,-5.98,32.89,39.62,51.84,-0.6,35.6,298.7
546777,-6.13,32.29,40.22,51.94,13.4,39.1,311.5
546827,-4.93,32.14,40.07,51.60,21.8,32.2,316.5
546877,-6.28,30.95,40.07,51.01,9.6,33.4,304.6
546927,-5.23,32.89,41.86,53.49,3.5,30.4,298.7
546977,-5.83,32.74,40.51,52.42,7.1,30.8,299.5
547027,-5.98,31.69,41.41,52.49,2.6,29.0,296.4
547077,-3.74,32.14,42.61,53.50,-3.8,30.4,297.9
547127,-5.08,32.74,41.26,52.92,5.9,25.6,294.9
547177,-6.58,33.49,40.51,52.97,4.3,21.7,286.2
547227,-7.62,33.79,39.47,52.51,9.5,20.7,284.3
547277,-9.72,34.38,38.57,52.58,9.5,12.5,267.6
547327,-10.02,34.38,38.57,52.63,15.5,9.9,261.9
547377,-11.66,33.49,36.63,50.98,14.4,7.5,253.5
547427,-12.71,33.04,34.53,49.45,9.8,6.5,251.8
547477,-13.16,34.98,33.79,50.38,18.9,2.2,241.6
547527,-14.65,35.28,31.99,49.83,20.4,-0.4,235.9
547577,-15.55,34.38,31.39,49.09,21.2,-1.1,232.2
547627,-16.44,34.53,29.00,48.00,24.0,-3.9,227.8
547677,-17.49,33.79,29.00,47.84,25.3,-5.0,223.4
547727,-17.94,33.49,26.91,46.56,29.4,-6.8,219.2
547777,-18.84,33.64,26.76,46.93,31.5,-9.7,215.7
547827,-18.69,33.79,24.07,45.50,34.0,-9.9,216.2
547877,-21.23,31.10,22.57,43.90,34.2,-12.3,211.8
547927,-21.68,32.14,20.93,44.06,37.9,-14.0,211.7
547977,-20.78,32.74,19.73,43.51,39.8,-17.4,213.6
548027,-23.02,30.35,18.69,42.43,40.3,-19.7,211.0
548077,-22.87,28.26,17.34,40.28,41.7,-21.7,210.0
548127,-23.62,27.96,16.59,40.19,45.8,-25.4,209.4
548177,-24.52,28.11,15.70,40.47,47.2,-26.7,210.2
548227,-24.82,25.86,14.65,38.72,50.2,-27.5,208.1
548278,-25.71,23.77,13.45,37.51,61.5,-29.4,202.7
548328,-24.82,24.67,11.06,36.70,55.8,-33.4,213.2
548378,-25.12,21.08,10.91,34.56,62.6,-34.9,208.4
548428,-24.37,20.33,8.37,32.82,58.5,-33.1,212.6
548478,-25.27,19.14,8.07,32.71,80.3,-38.9,207.1
548528,-23.92,16.15,4.78,29.25,72.5,-40.4,217.2
548578,-23.02,13.31,2.39,26.70,82.7,-43.3,220.4
548628,-24.07,10.61,2.99,26.48,94.6,-44.0,215.2
548678,-21.23,9.12,1.35,23.14,94.9,-44.8,219.4
548728,-21.08,8.07,0.15,22.57,103.1,-43.5,218.4
548778,-20.63,5.83,0.45,21.44,109.4,-44.0,216.6
548828,-19.58,3.89,-0.15,19.97,118.9,-43.8,215.6
548878,-17.49,1.05,-0.30,17.53,115.2,-41.8,218.8
548928,-15.85,-0.15,-1.20,15.89,126.5,-43.6,221.9
548978,-14.95,-1.50,-2.09,15.17,128.6,-39.2,223.1
549028,-13.16,-3.29,-0.60,13.57,147.2,-31.8,212.0
549078,-13.16,-4.49,-0.30,13.90,132.4,-35.8,220.3
549128,-11.96,-6.43,0.30,13.58,148.7,-29.0,218.3
549178,-10.17,-8.67,0.30,13.36,146.2,-29.0,227.3
549228,-10.17,-10.61,0.60,14.71,152.9,-24.0,229.3
549278,-9.87,-10.17,2.39,14.37,157.4,-22.9,225.0
549328,-11.36,-12.11,2.84,16.85,157.0,-21.6,225.3
549378,-11.06,-14.20,2.99,18.25,158.1,-18.3,229.5
549428,-11.36,-14.80,2.84,18.87,168.3,-14.7,231.1
549478,-10.91,-15.10,4.19,19.10,158.4,-15.2,229.5
549528,-11.81,-14.20,6.58,19.61,161.8,-14.8,223.5
549578,-13.31,-14.95,4.49,20.51,164.0,-11.9,224.9
549628,-14.65,-13.60,7.77,21.45,168.1,-11.5,217.8
549678,-16.30,-15.70,5.83,23.37,168.1,-12.0,220.9
549728,-16.30,-14.95,8.37,23.65,163.0,-12.3,216.1
549778,-19.58,-14.20,7.33,25.28,165.9,-10.2,212.0
549828,-20.78,-12.56,7.47,25.40,167.3,-8.3,207.5
549878,-20.78,-12.56,7.18,25.32,161.8,-7.4,206.1
549928,-24.07,-11.66,7.18,27.69,168.8,-7.1,203.2
549978,-24.67,-10.47,8.67,28.16,161.6,-6.8,197.7
550028,-25.12,-10.02,8.67,28.40,168.5,-4.6,198.3
550078,-27.21,-9.27,9.87,30.39,165.7,-5.9,194.5
550128,-25.41,-8.07,9.87,28.43,168.3,-4.3,193.6
550178,-28.85,-7.47,10.02,31.44,168.7,-4.4,191.1
550228,-29.15,-6.58,9.87,31.47,169.0,-5.8,189.7
550279,-27.36,-5.68,10.02,29.68,168.6,-2.2,187.8
550329,-28.55,-3.74,10.02,30.49,166.6,-3.6,183.4
550379,-31.10,-1.50,10.02,32.70,165.4,0.4,177.9
550429,-31.10,-1.05,10.02,32.69,164.4,-1.8,177.4
550479,-30.35,1.50,9.27,31.77,162.9,4.6,170.6
550529,-29.75,4.34,9.42,31.51,156.3,2.3,164.3
550579,-30.05,7.92,7.18,31.89,152.5,12.6,154.4
550629,-27.66,10.02,6.28,30.08,150.9,9.0,152.2
550679,-26.01,13.31,4.93,29.63,144.4,18.5,141.6
550729,-24.37,17.94,6.58,30.97,140.3,19.6,132.1
550779,-21.68,19.14,3.29,29.10,138.4,29.9,126.3
550829,-17.49,21.68,5.38,28.37,135.9,32.8,115.0
550879,-18.99,24.67,4.19,31.41,134.1,36.3,114.9
550929,-14.80,27.51,5.08,31.65,130.7,42.4,104.8
550979,-12.71,27.36,5.98,30.75,130.3,46.0,99.2
551029,-11.96,28.55,7.18,31.78,125.3,46.2,96.4
551079,-8.67,28.85,6.43,30.81,127.6,50.9,91.1
551129,-6.58,32.74,7.18,34.16,124.1,55.1,85.4
551179,-4.34,32.29,10.76,34.31,126.2,58.4,75.5
551229,-2.09,33.04,9.57,34.46,115.9,63.5,69.1
551279,-2.09,33.04,10.32,34.68,116.9,65.4,67.4
551329,0.00,33.49,11.51,35.41,111.5,71.2,55.3
551379,2.54,33.04,11.81,35.18,111.7,73.2,47.4
551429,3.74,33.64,13.01,36.26,89.4,80.8,351.6
551479,5.83,33.04,13.31,36.09,102.1,80.7,13.6
551529,7.62,34.53,17.19,39.32,65.8,84.7,312.2
551579,9.72,32.44,16.30,37.58,73.3,84.2,315.3
551629,11.06,33.19,17.79,39.25,-3.9,83.5,300.2
551679,13.16,32.29,18.69,39.56,20.2,84.7,300.1
551729,13.16,31.54,18.69,38.95,-47.7,78.2,325.3
551779,15.10,32.14,20.63,41.07,-40.2,79.5,322.9
551829,14.35,29.45,20.63,38.72,-59.9,72.9,341.2
551879,15.70,29.30,20.78,39.20,-67.5,73.4,353.5
551929,17.19,28.85,20.03,39.11,-57.4,78.2,348.3
551979,17.49,26.91,20.78,38.24,-71.7,71.7,2.6
552029,18.69,26.91,19.73,38.25,-66.3,73.6,1.2
552079,19.43,25.86,19.73,37.90,-69.7,69.5,3.6
552129,21.08,24.52,19.58,37.80,-75.3,66.2,10.2
552179,19.43,24.37,20.48,37.30,-61.9,62.2,350.1
552229,20.78,23.92,20.48,37.73,-66.1,60.8,355.4
552280,21.53,21.98,21.08,37.29,-67.9,59.6,358.2
552330,21.98,21.68,20.03,36.80,-66.7,54.5,354.4
552380,22.28,20.93,20.03,36.55,-66.1,53.4,354.1
552430,25.27,17.04,21.53,37.31,-65.6,47.9,354.6
552480,25.71,13.75,21.68,36.34,-66.0,47.8,357.4
552530,25.27,11.36,20.48,34.45,-72.3,42.8,357.5
552580,25.71,9.27,21.38,34.70,-70.6,37.9,353.0
552630,24.52,4.19,21.83,33.09,-66.0,35.1,351.0
552680,24.07,1.05,22.28,32.81,-72.6,24.1,341.6
552730,24.82,-2.24,23.02,33.93,-71.1,19.2,338.7
552780,24.82,-5.68,22.57,34.03,-69.8,17.8,340.1
552830,24.07,-8.37,22.28,33.85,-72.1,18.7,341.3
552880,21.38,-10.47,23.17,33.22,-78.4,3.4,319.6
552930,20.03,-12.86,23.02,33.12,-79.8,-1.1,313.4
552980,18.24,-14.80,21.83,32.06,-82.1,-8.3,304.2
553030,15.55,-17.19,21.38,31.53,-85.4,-10.2,297.2
553080,13.16,-18.99,20.78,31.07,-87.7,-18.1,284.7
553130,13.31,-21.38,20.93,32.74,-91.3,-26.8,275.6
553180,8.37,-23.47,20.48,32.26,-88.5,-32.8,259.1
553230,2.69,-24.07,19.58,31.15,-96.1,-33.6,247.0
553280,-0.90,-25.56,18.09,31.33,-96.4,-37.0,235.1
553330,-3.29,-25.41,17.49,31.03,-104.6,-52.5,221.8
553380,-5.98,-25.27,15.25,30.11,-106.9,-57.3,212.9
553430,-7.03,-24.07,15.25,29.35,-105.2,-61.2,204.0
553480,-8.67,-20.93,12.86,26.05,-125.4,-67.4,212.3
553530,-11.51,-20.63,8.67,25.17,-114.8,-64.8,191.4
553580,-14.20,-17.49,8.22,23.98,-150.9,-71.3,219.1
553630,-14.80,-16.89,7.33,23.62,-133.1,-68.3,195.8
553680,-14.65,-15.10,4.93,21.61,-151.0,-77.1,220.2
553730,-18.39,-12.26,4.78,22.61,-162.5,-74.2,215.2
553780,-18.69,-10.17,1.50,21.33,-174.6,-77.8,237.3
553830,-18.39,-8.52,2.24,20.39,155.4,-75.7,245.7
553880,-17.94,-4.93,2.39,18.76,154.1,-80.6,246.2
553930,-19.43,-1.50,-0.60,19.50,145.2,-71.2,244.3
553980,-19.43,2.99,-1.05,19.69,151.1,-71.7,231.7
554030,-17.94,4.19,-1.35,18.47,122.6,-74.8,254.9
554080,-17.34,9.57,-1.94,19.90,130.4,-76.1,251.9
554130,-15.55,14.20,-1.20,21.09,107.1,-68.3,245.3
554180,-17.04,17.94,-0.45,24.75,-150.5,-80.3,95.8
554230,-14.80,20.33,2.24,25.25,91.9,-68.5,238.5
554281,-14.95,22.42,1.35,26.99,152.0,-66.2,118.1
554331,-13.45,26.16,2.09,29.49,109.7,-68.1,197.6
554381,-12.41,24.67,2.39,27.72,129.6,-66.7,132.9
554431,-10.76,26.76,3.29,29.03,127.4,-76.4,123.8
554481,-10.32,29.45,5.08,31.62,123.9,-66.9,130.6
554531,-11.66,30.05,7.18,33.02,109.3,-67.0,167.6
554581,-8.52,31.39,7.33,33.35,109.7,-62.5,147.4
554631,-7.92,31.84,7.47,33.66,109.0,-61.1,145.1
554681,-7.77,32.44,7.33,34.15,106.3,-58.0,147.9
